{
    "Bias": -0.0892170580528688,
    "SDEP": 0.4251116362511069,
    "MSE": 0.1886795867237024,
    "RMSE": 0.4343726357906337,
    "r2": 0.3618929512755087
}